{
  "bakery_name_patterns": [
    "Пекарня",
    "Хліб ЧП 370г Литовський",
    "Піцабон Пекарня 100г",
    "Заготовка ВП на піцу"
  ],
  "product_patterns": [
    "([А-ЯІЇЄ\\w\\s]+)\\s+(\\d+(?:[.,]\\d+)?)\\s+(\\d+(?:[.,]\\d+)?)",
    "([А-ЯІЇЄ\\w\\s]+)\\s+(\\d+(?:[.,]\\d+)?)\\s+(\\d+(?:[.,]\\d+)?)",
    "([А-ЯІЇЄ\\w\\s]+)\\s+(\\d+(?:[.,]\\d+)?)\\s+(\\d+(?:[.,]\\d+)?)",
    "([А-ЯІЇЄ\\w\\s]+)\\s+(\\d+(?:[.,]\\d+)?)\\s+(\\d+(?:[.,]\\d+)?)",
    "([А-ЯІЇЄ\\w\\s]+)\\s+(\\d+(?:[.,]\\d+)?)\\s+(\\d+(?:[.,]\\d+)?)",
    "([А-ЯІЇЄ\\w\\s]+)\\s+(\\d+(?:[.,]\\d+)?)\\s+(\\d+(?:[.,]\\d+)?)",
    "([А-ЯІЇЄ\\w\\s]+)\\s+(\\d+(?:[.,]\\d+)?)\\s+(\\d+(?:[.,]\\d+)?)",
    "([А-ЯІЇЄ\\w\\s]+)\\s+(\\d+(?:[.,]\\d+)?)\\s+(\\d+(?:[.,]\\d+)?)",
    "([А-ЯІЇЄ\\w\\s]+)\\s+(\\d+(?:[.,]\\d+)?)\\s+(\\d+(?:[.,]\\d+)?)",
    "([А-ЯІЇЄ\\w\\s]+)\\s+(\\d+(?:[.,]\\d+)?)\\s+(\\d+(?:[.,]\\d+)?)",
    "([А-ЯІЇЄ\\w\\s]+)\\s+(\\d+(?:[.,]\\d+)?)\\s+(\\d+(?:[.,]\\d+)?)",
    "([А-ЯІЇЄ\\w\\s]+)\\s+(\\d+(?:[.,]\\d+)?)\\s+(\\d+(?:[.,]\\d+)?)",
    "([А-ЯІЇЄ\\w\\s]+)\\s+(\\d+(?:[.,]\\d+)?)\\s+(\\d+(?:[.,]\\d+)?)",
    "([А-ЯІЇЄ\\w\\s]+)\\s+(\\d+(?:[.,]\\d+)?)\\s+(\\d+(?:[.,]\\d+)?)",
    "([А-ЯІЇЄ\\w\\s]+)\\s+(\\d+(?:[.,]\\d+)?)\\s+(\\d+(?:[.,]\\d+)?)",
    "([А-ЯІЇЄ\\w\\s]+)\\s+(\\d+(?:[.,]\\d+)?)\\s+(\\d+(?:[.,]\\d+)?)",
    "([А-ЯІЇЄ\\w\\s]+)\\s+(\\d+(?:[.,]\\d+)?)\\s+(\\d+(?:[.,]\\d+)?)",
    "([А-ЯІЇЄ\\w\\s]+)\\s+(\\d+(?:[.,]\\d+)?)\\s+(\\d+(?:[.,]\\d+)?)",
    "([А-ЯІЇЄ\\w\\s]+)\\s+(\\d+(?:[.,]\\d+)?)\\s+(\\d+(?:[.,]\\d+)?)",
    "([А-ЯІЇЄ\\w\\s]+)\\s+(\\d+(?:[.,]\\d+)?)\\s+(\\d+(?:[.,]\\d+)?)",
    "([А-ЯІЇЄ\\w\\s]+)\\s+(\\d+(?:[.,]\\d+)?)\\s+(\\d+(?:[.,]\\d+)?)",
    "([А-ЯІЇЄ\\w\\s]+)\\s+(\\d+(?:[.,]\\d+)?)\\s+(\\d+(?:[.,]\\d+)?)",
    "([А-ЯІЇЄ\\w\\s]+)\\s+(\\d+(?:[.,]\\d+)?)\\s+(\\d+(?:[.,]\\d+)?)",
    "([А-ЯІЇЄ\\w\\s]+)\\s+(\\d+(?:[.,]\\d+)?)\\s+(\\d+(?:[.,]\\d+)?)",
    "([А-ЯІЇЄ\\w\\s]+)\\s+(\\d+(?:[.,]\\d+)?)\\s+(\\d+(?:[.,]\\d+)?)",
    "([А-ЯІЇЄ\\w\\s]+)\\s+(\\d+(?:[.,]\\d+)?)\\s+(\\d+(?:[.,]\\d+)?)",
    "([А-ЯІЇЄ\\w\\s]+)\\s+(\\d+(?:[.,]\\d+)?)\\s+(\\d+(?:[.,]\\d+)?)",
    "([А-ЯІЇЄ\\w\\s]+)\\s+(\\d+(?:[.,]\\d+)?)\\s+(\\d+(?:[.,]\\d+)?)",
    "([А-ЯІЇЄ\\w\\s]+)\\s+(\\d+(?:[.,]\\d+)?)\\s+(\\d+(?:[.,]\\d+)?)",
    "([А-ЯІЇЄ\\w\\s]+)\\s+(\\d+(?:[.,]\\d+)?)\\s+(\\d+(?:[.,]\\d+)?)",
    "([А-ЯІЇЄ\\w\\s]+)\\s+(\\d+(?:[.,]\\d+)?)\\s+(\\d+(?:[.,]\\d+)?)",
    "([А-ЯІЇЄ\\w\\s]+)\\s+(\\d+(?:[.,]\\d+)?)\\s+(\\d+(?:[.,]\\d+)?)",
    "([А-ЯІЇЄ\\w\\s]+)\\s+(\\d+(?:[.,]\\d+)?)\\s+(\\d+(?:[.,]\\d+)?)",
    "([А-ЯІЇЄ\\w\\s]+)\\s+(\\d+(?:[.,]\\d+)?)\\s+(\\d+(?:[.,]\\d+)?)",
    "([А-ЯІЇЄ\\w\\s]+)\\s+(\\d+(?:[.,]\\d+)?)\\s+(\\d+(?:[.,]\\d+)?)",
    "([А-ЯІЇЄ\\w\\s]+)\\s+(\\d+(?:[.,]\\d+)?)\\s+(\\d+(?:[.,]\\d+)?)",
    "([А-ЯІЇЄ\\w\\s]+)\\s+(\\d+(?:[.,]\\d+)?)\\s+(\\d+(?:[.,]\\d+)?)",
    "([А-ЯІЇЄ\\w\\s]+)\\s+(\\d+(?:[.,]\\d+)?)\\s+(\\d+(?:[.,]\\d+)?)",
    "([А-ЯІЇЄ\\w\\s]+)\\s+(\\d+(?:[.,]\\d+)?)\\s+(\\d+(?:[.,]\\d+)?)",
    "([А-ЯІЇЄ\\w\\s]+)\\s+(\\d+(?:[.,]\\d+)?)\\s+(\\d+(?:[.,]\\d+)?)",
    "([А-ЯІЇЄ\\w\\s]+)\\s+(\\d+(?:[.,]\\d+)?)\\s+(\\d+(?:[.,]\\d+)?)",
    "([А-ЯІЇЄ\\w\\s]+)\\s+(\\d+(?:[.,]\\d+)?)\\s+(\\d+(?:[.,]\\d+)?)",
    "([А-ЯІЇЄ\\w\\s]+)\\s+(\\d+(?:[.,]\\d+)?)\\s+(\\d+(?:[.,]\\d+)?)",
    "([А-ЯІЇЄ\\w\\s]+)\\s+(\\d+(?:[.,]\\d+)?)\\s+(\\d+(?:[.,]\\d+)?)",
    "([А-ЯІЇЄ\\w\\s]+)\\s+(\\d+(?:[.,]\\d+)?)\\s+(\\d+(?:[.,]\\d+)?)",
    "([А-ЯІЇЄ\\w\\s]+)\\s+(\\d+(?:[.,]\\d+)?)\\s+(\\d+(?:[.,]\\d+)?)",
    "([А-ЯІЇЄ\\w\\s]+)\\s+(\\d+(?:[.,]\\d+)?)\\s+(\\d+(?:[.,]\\d+)?)",
    "([А-ЯІЇЄ\\w\\s]+)\\s+(\\d+(?:[.,]\\d+)?)\\s+(\\d+(?:[.,]\\d+)?)",
    "([А-ЯІЇЄ\\w\\s]+)\\s+(\\d+(?:[.,]\\d+)?)\\s+(\\d+(?:[.,]\\d+)?)",
    "([А-ЯІЇЄ\\w\\s]+)\\s+(\\d+(?:[.,]\\d+)?)\\s+(\\d+(?:[.,]\\d+)?)",
    "([А-ЯІЇЄ\\w\\s]+)\\s+(\\d+(?:[.,]\\d+)?)\\s+(\\d+(?:[.,]\\d+)?)",
    "([А-ЯІЇЄ\\w\\s]+)\\s+(\\d+(?:[.,]\\d+)?)\\s+(\\d+(?:[.,]\\d+)?)",
    "([А-ЯІЇЄ\\w\\s]+)\\s+(\\d+(?:[.,]\\d+)?)\\s+(\\d+(?:[.,]\\d+)?)",
    "([А-ЯІЇЄ\\w\\s]+)\\s+(\\d+(?:[.,]\\d+)?)\\s+(\\d+(?:[.,]\\d+)?)",
    "([А-ЯІЇЄ\\w\\s]+)\\s+(\\d+(?:[.,]\\d+)?)\\s+(\\d+(?:[.,]\\d+)?)",
    "([А-ЯІЇЄ\\w\\s]+)\\s+(\\d+(?:[.,]\\d+)?)\\s+(\\d+(?:[.,]\\d+)?)",
    "([А-ЯІЇЄ\\w\\s]+)\\s+(\\d+(?:[.,]\\d+)?)\\s+(\\d+(?:[.,]\\d+)?)",
    "([А-ЯІЇЄ\\w\\s]+)\\s+(\\d+(?:[.,]\\d+)?)\\s+(\\d+(?:[.,]\\d+)?)",
    "([А-ЯІЇЄ\\w\\s]+)\\s+(\\d+(?:[.,]\\d+)?)\\s+(\\d+(?:[.,]\\d+)?)",
    "([А-ЯІЇЄ\\w\\s]+)\\s+(\\d+(?:[.,]\\d+)?)\\s+(\\d+(?:[.,]\\d+)?)",
    "([А-ЯІЇЄ\\w\\s]+)\\s+(\\d+(?:[.,]\\d+)?)\\s+(\\d+(?:[.,]\\d+)?)",
    "([А-ЯІЇЄ\\w\\s]+)\\s+(\\d+(?:[.,]\\d+)?)\\s+(\\d+(?:[.,]\\d+)?)",
    "([А-ЯІЇЄ\\w\\s]+)\\s+(\\d+(?:[.,]\\d+)?)\\s+(\\d+(?:[.,]\\d+)?)",
    "([А-ЯІЇЄ\\w\\s]+)\\s+(\\d+(?:[.,]\\d+)?)\\s+(\\d+(?:[.,]\\d+)?)",
    "([А-ЯІЇЄ\\w\\s]+)\\s+(\\d+(?:[.,]\\d+)?)\\s+(\\d+(?:[.,]\\d+)?)",
    "([А-ЯІЇЄ\\w\\s]+)\\s+(\\d+(?:[.,]\\d+)?)\\s+(\\d+(?:[.,]\\d+)?)",
    "([А-ЯІЇЄ\\w\\s]+)\\s+(\\d+(?:[.,]\\d+)?)\\s+(\\d+(?:[.,]\\d+)?)",
    "([А-ЯІЇЄ\\w\\s]+)\\s+(\\d+(?:[.,]\\d+)?)\\s+(\\d+(?:[.,]\\d+)?)",
    "([А-ЯІЇЄ\\w\\s]+)\\s+(\\d+(?:[.,]\\d+)?)\\s+(\\d+(?:[.,]\\d+)?)",
    "([А-ЯІЇЄ\\w\\s]+)\\s+(\\d+(?:[.,]\\d+)?)\\s+(\\d+(?:[.,]\\d+)?)",
    "([А-ЯІЇЄ\\w\\s]+)\\s+(\\d+(?:[.,]\\d+)?)\\s+(\\d+(?:[.,]\\d+)?)",
    "([А-ЯІЇЄ\\w\\s]+)\\s+(\\d+(?:[.,]\\d+)?)\\s+(\\d+(?:[.,]\\d+)?)"
  ],
  "column_headers": [
    "Кількість",
    "Назва"
  ],
  "examples": [
    {
      "name": "Дата:",
      "quantity": "________________ 20 __  р.",
      "price": "Пекарня",
      "total": ""
    },
    {
      "name": "1",
      "quantity": "Багет ВП  230г з Ковб та Сир",
      "price": "43056",
      "total": "36"
    },
    {
      "name": "2",
      "quantity": "Багет ВП  240г з Курячим Філе",
      "price": "43019",
      "total": "37"
    },
    {
      "name": "3",
      "quantity": "Багет ВП  250г Фуршетний",
      "price": "85169",
      "total": "38"
    },
    {
      "name": "4",
      "quantity": "Багет ВП  260г з Шинк та Сир",
      "price": "42688",
      "total": "39"
    },
    {
      "name": "5",
      "quantity": "Багет ВП  300г",
      "price": "14192",
      "total": "40"
    },
    {
      "name": "6",
      "quantity": "Багет ВП  300г Гречаний",
      "price": "80829",
      "total": "41"
    },
    {
      "name": "7",
      "quantity": "Багет ВП  300г Зерновий",
      "price": "88902",
      "total": "42"
    },
    {
      "name": "8",
      "quantity": "Багет ВП  300г Французький",
      "price": "44961",
      "total": "43"
    },
    {
      "name": "9",
      "quantity": "Багет ВП  300г Цільнозерновий",
      "price": "99506",
      "total": "44"
    },
    {
      "name": "10",
      "quantity": "Батон ВП нарізний 400г",
      "price": "14220",
      "total": "45"
    },
    {
      "name": "11",
      "quantity": "Бул ВП 100г Ванільна",
      "price": "14248",
      "total": "46"
    },
    {
      "name": "12",
      "quantity": "Бул ВП 100г Ватрушка",
      "price": "14780",
      "total": "47"
    },
    {
      "name": "13",
      "quantity": "Бул ВП 100г для Хот Дога",
      "price": "11641",
      "total": "48"
    },
    {
      "name": "14",
      "quantity": "Бул ВП 100г з Банан нач",
      "price": "36817",
      "total": "49"
    },
    {
      "name": "15",
      "quantity": "Бул ВП 100г з Вишнею",
      "price": "36015",
      "total": "50"
    },
    {
      "name": "16",
      "quantity": "Бул ВП 100г з Горіхом",
      "price": "40117",
      "total": "51"
    },
    {
      "name": "17",
      "quantity": "Бул ВП 100г з Горіхом Пісна",
      "price": "44071",
      "total": "52"
    },
    {
      "name": "18",
      "quantity": "Бул ВП 100г з Заварн Крем",
      "price": "11371",
      "total": "53"
    },
    {
      "name": "19",
      "quantity": "Бул ВП 100г з Кунжутом",
      "price": "14194",
      "total": "54"
    },
    {
      "name": "20",
      "quantity": "Бул ВП 100г з Пломбіром",
      "price": "36017",
      "total": "55"
    },
    {
      "name": "21",
      "quantity": "Бул ВП 100г з Повидлом",
      "price": "11324",
      "total": "56"
    },
    {
      "name": "22",
      "quantity": "Бул ВП 100г з Сиром",
      "price": "11351",
      "total": "57"
    },
    {
      "name": "23",
      "quantity": "Бул ВП 100г з Сол Карам",
      "price": "88072",
      "total": "58"
    },
    {
      "name": "24",
      "quantity": "Бул ВП 100г з Твор та фрукт",
      "price": "42809",
      "total": "59"
    },
    {
      "name": "25",
      "quantity": "Бул ВП 100г з Фрукт Нач",
      "price": "69607",
      "total": "60"
    },
    {
      "name": "26",
      "quantity": "Бул ВП 100г з Шинк та Сир",
      "price": "80210",
      "total": "61"
    },
    {
      "name": "27",
      "quantity": "Бул ВП 100г з Шоколадом",
      "price": "36715",
      "total": "62"
    },
    {
      "name": "28",
      "quantity": "Бул ВП 100г з Шокол та Кокосом'",
      "price": "28950",
      "total": "63"
    },
    {
      "name": "29",
      "quantity": "Бул ВП 100г з Яблуками",
      "price": "36019",
      "total": "64"
    },
    {
      "name": "30",
      "quantity": "Бул ВП 100г з Яблу та Корицею",
      "price": "28949",
      "total": "65"
    },
    {
      "name": "31",
      "quantity": "Бул ВП 100г Здобна з Кокосом",
      "price": "85171",
      "total": "66"
    },
    {
      "name": "32",
      "quantity": "Бул ВП 100г Картоплинка",
      "price": "96796",
      "total": "67"
    },
    {
      "name": "33",
      "quantity": "Бул ВП 100г Колечко з Кунжутом",
      "price": "11400",
      "total": "68"
    },
    {
      "name": "34",
      "quantity": "Бул ВП 100г Паличка Сирна",
      "price": "11429",
      "total": "69"
    },
    {
      "name": "35",
      "quantity": "Бул ВП 100г Пиріжок з Какао",
      "price": "43508",
      "total": "70"
    },
    {
      "name": "106",
      "quantity": "Соленики ВП вагові",
      "price": "3516",
      "total": "141"
    },
    {
      "name": "107",
      "quantity": "Хачапурі  150г з Сиром",
      "price": "58446",
      "total": "142"
    },
    {
      "name": "108",
      "quantity": "Хліб ВП 300г Гречаний",
      "price": "50167",
      "total": "143"
    },
    {
      "name": "109",
      "quantity": "Хліб ВП 300г Фітнес мікс",
      "price": "85167",
      "total": "144"
    },
    {
      "name": "110",
      "quantity": "Хліб ВП 350г 8 Злаків",
      "price": "56104",
      "total": "145"
    },
    {
      "name": "111",
      "quantity": "Хліб ВП 350г Кукурудзяний",
      "price": "48940",
      "total": "146"
    },
    {
      "name": "112",
      "quantity": "Хліб ВП 400г Бородинський",
      "price": "49883",
      "total": "147"
    },
    {
      "name": "113",
      "quantity": "Хліб ВП 400г з насін соняшнику",
      "price": "105805",
      "total": "148"
    },
    {
      "name": "114",
      "quantity": "Хліб ВП 400г Зерновий",
      "price": "50756",
      "total": "149"
    },
    {
      "name": "115",
      "quantity": "Хліб ВП 500г Білий кргулий бездріжджовий",
      "price": "105101",
      "total": "150"
    },
    {
      "name": "116",
      "quantity": "Хліб ВП 500г Білий Пшеничний",
      "price": "75728",
      "total": "151"
    },
    {
      "name": "117",
      "quantity": "Хліб ВП 500г Житній ароматний",
      "price": "93821",
      "total": "152"
    },
    {
      "name": "118",
      "quantity": "Хліб ВП 500г Селянський",
      "price": "72886",
      "total": "153"
    },
    {
      "name": "119",
      "quantity": "Хліб ВП 500г Слов'янський",
      "price": "93825",
      "total": "154"
    },
    {
      "name": "120",
      "quantity": "Хліб ВП 500г Тоскана бездріж",
      "price": "105099",
      "total": "155"
    },
    {
      "name": "121",
      "quantity": "Хліб ВП 500г Цибулевий",
      "price": "68008",
      "total": "156"
    },
    {
      "name": "122",
      "quantity": "Хліб ВП 500г Цільнозерновий",
      "price": "75726",
      "total": "157"
    },
    {
      "name": "123",
      "quantity": "Хліб ВП 670г Білий",
      "price": "62744",
      "total": "158"
    },
    {
      "name": "124",
      "quantity": "Хліб ВП 670г Пшенично Житній",
      "price": "72331",
      "total": "159"
    },
    {
      "name": "125",
      "quantity": "Хліб ВП 700г Білий Подовий",
      "price": "38729",
      "total": "160"
    },
    {
      "name": "126",
      "quantity": "Хліб ВП 700г Житньо Пшен",
      "price": "38735",
      "total": "161"
    },
    {
      "name": "127",
      "quantity": "Хліб ВП 700г Кукурудзяний",
      "price": "38733",
      "total": "162"
    },
    {
      "name": "128",
      "quantity": "Хліб ВП 700г Сірий Подовий",
      "price": "38731",
      "total": "163"
    },
    {
      "name": "129",
      "quantity": "Хліб ВП День і Ніч",
      "price": "40121",
      "total": "164"
    },
    {
      "name": "130",
      "quantity": "Хліб ВП Закарпатський Сірий",
      "price": "11692",
      "total": "165"
    },
    {
      "name": "131",
      "quantity": "Хліб ВП Український Білий",
      "price": "11713",
      "total": "166"
    },
    {
      "name": "132",
      "quantity": "Чіабата ВП 300г",
      "price": "44963",
      "total": "167"
    },
    {
      "name": "133",
      "quantity": "Чіабата ВП 300г з сир-прян",
      "price": "50169",
      "total": "168"
    },
    {
      "name": "134",
      "quantity": "Чіабатта ВП 300г Жит-пшен",
      "price": "93823",
      "total": "169"
    },
    {
      "name": "135",
      "quantity": "Сухарі ВП вагові",
      "price": "2292",
      "total": "170"
    },
    {
      "name": "136",
      "quantity": "Сухарі ВП Уцінені вагові",
      "price": "2196",
      "total": "171"
    },
    {
      "name": "137",
      "quantity": "Сухарі ВП Здобні вагові",
      "price": "2293",
      "total": "172"
    },
    {
      "name": "138",
      "quantity": "Багет СП 280г Паризький Бон Багет з Льоном",
      "price": "101139",
      "total": "173"
    },
    {
      "name": "139",
      "quantity": "Багет Чудо Піч 280г Гречаний",
      "price": "76839",
      "total": "174"
    },
    {
      "name": "140",
      "quantity": "Круасан ФР 70г з Малиною",
      "price": "54386",
      "total": "175"
    },
    {
      "name": "Дата:",
      "quantity": "________________ 20 __  р.",
      "price": "Пекарня",
      "total": ""
    }
  ]
}